GISJOIN,STATE,STATEFP,STATENH,1,2,3,4,5,6,7,8,9,10,11,12,13,14,15,16,17,18,19,20,21,22,23,24,25,26,27,28,29,30,31,32,33,34,35,36,37,38,39,40,41,42,43,44,45,46,47,48,49,50,51,52,53,54,55,56,57,58,59,60,61,62,63,64,65,66,67,68,69,70,71,72,73,74,75,76,77,78,79,80,81,82,83,84,85,86,87,88,89,90,91,92,93,94,95,96,97,98,99,100,101,102,103,104,105,106,107,108,109,110,111,112,113,114,115,116,117,118,119,120,121,122,123,124,125,126,127,128,129,130,131,132,133,134,135,136,137,138,139,140,141,142,143,144,145,146,147,148,149,150,151,152,153,154,155,156,157,158,159,160,161,162
GIS Join Match Code,NHGIS Integrated State Name,FIPS State Code,NHGIS Integrated State Code,1970: Persons: Total,1980: Persons: Total,1990: Persons: Total,2000: Persons: Total,2010: Persons: Total,2008-2012: Persons: Total,Margin of error: 2008-2012: Persons: Total,1970: Persons: Under 5 years,1980: Persons: Under 5 years,1990: Persons: Under 5 years,2000: Persons: Under 5 years,2010: Persons: Under 5 years,1970: Persons: 5 to 9 years,1980: Persons: 5 to 9 years,1990: Persons: 5 to 9 years,2000: Persons: 5 to 9 years,2010: Persons: 5 to 9 years,1970: Persons: 10 to 14 years,1980: Persons: 10 to 14 years,1990: Persons: 10 to 14 years,2000: Persons: 10 to 14 years,2010: Persons: 10 to 14 years,1970: Persons: 15 to 17 years,1980: Persons: 15 to 17 years,1990: Persons: 15 to 17 years,2000: Persons: 15 to 17 years,2010: Persons: 15 to 17 years,1970: Persons: 18 and 19 years,1980: Persons: 18 and 19 years,1990: Persons: 18 and 19 years,2000: Persons: 18 and 19 years,2010: Persons: 18 and 19 years,1970: Persons: 20 years,1980: Persons: 20 years,1990: Persons: 20 years,2000: Persons: 20 years,2010: Persons: 20 years,1970: Persons: 21 years,1980: Persons: 21 years,1990: Persons: 21 years,2000: Persons: 21 years,2010: Persons: 21 years,1970: Persons: 22 to 24 years,1980: Persons: 22 to 24 years,1990: Persons: 22 to 24 years,2000: Persons: 22 to 24 years,2010: Persons: 22 to 24 years,1970: Persons: 25 to 29 years,1980: Persons: 25 to 29 years,1990: Persons: 25 to 29 years,2000: Persons: 25 to 29 years,2010: Persons: 25 to 29 years,1970: Persons: 30 to 34 years,1980: Persons: 30 to 34 years,1990: Persons: 30 to 34 years,2000: Persons: 30 to 34 years,2010: Persons: 30 to 34 years,1970: Persons: 35 to 44 years,1980: Persons: 35 to 44 years,1990: Persons: 35 to 44 years,2000: Persons: 35 to 44 years,2010: Persons: 35 to 44 years,1970: Persons: 45 to 54 years,1980: Persons: 45 to 54 years,1990: Persons: 45 to 54 years,2000: Persons: 45 to 54 years,2010: Persons: 45 to 54 years,1970: Persons: 55 to 59 years,1980: Persons: 55 to 59 years,1990: Persons: 55 to 59 years,2000: Persons: 55 to 59 years,2010: Persons: 55 to 59 years,1970: Persons: 60 and 61 years,1980: Persons: 60 and 61 years,1990: Persons: 60 and 61 years,2000: Persons: 60 and 61 years,2010: Persons: 60 and 61 years,1970: Persons: 62 to 64 years,1980: Persons: 62 to 64 years,1990: Persons: 62 to 64 years,2000: Persons: 62 to 64 years,2010: Persons: 62 to 64 years,1970: Persons: 65 to 74 years,1980: Persons: 65 to 74 years,1990: Persons: 65 to 74 years,2000: Persons: 65 to 74 years,2010: Persons: 65 to 74 years,1970: Persons: 75 to 84 years,1980: Persons: 75 to 84 years,1990: Persons: 75 to 84 years,2000: Persons: 75 to 84 years,2010: Persons: 75 to 84 years,1970: Persons: 85 years and over,1980: Persons: 85 years and over,1990: Persons: 85 years and over,2000: Persons: 85 years and over,2010: Persons: 85 years and over,1970: Persons: In households,1980: Persons: In households,1990: Persons: In households,2000: Persons: In households,2010: Persons: In households,1970: Persons: In group quarters,1980: Persons: In group quarters,1990: Persons: In group quarters,2000: Persons: In group quarters,2010: Persons: In group quarters,1970: Households: Total,1980: Households: Total,1990: Households: Total,2000: Households: Total,2010: Households: Total,1970: Families: Total,1980: Families: Total,1990: Families: Total,2000: Families: Total,2010: Families: Total,1980: Per capita income in previous year,1990: Per capita income in previous year,2000: Per capita income in previous year,2008-2012: Per capita income in previous year,Margin of error: 2008-2012: Per capita income in previous year,1970: Housing units: Total,1980: Housing units: Total,1990: Housing units: Total,2000: Housing units: Total,2010: Housing units: Total,1970: Housing units: Occupied,1980: Housing units: Occupied,1990: Housing units: Occupied,2000: Housing units: Occupied,2010: Housing units: Occupied,1970: Housing units: Vacant,1980: Housing units: Vacant,1990: Housing units: Vacant,2000: Housing units: Vacant,2010: Housing units: Vacant,1970: Housing units: Vacant--For rent,1980: Housing units: Vacant--For rent,1990: Housing units: Vacant--For rent,2000: Housing units: Vacant--For rent,2010: Housing units: Vacant--For rent,1970: Housing units: Vacant--For sale only,1980: Housing units: Vacant--For sale only,1990: Housing units: Vacant--For sale only,2000: Housing units: Vacant--For sale only,2010: Housing units: Vacant--For sale only,"1970: Housing units: Vacant--Rented or sold, not occupied","1980: Housing units: Vacant--Rented or sold, not occupied","1990: Housing units: Vacant--Rented or sold, not occupied","2000: Housing units: Vacant--Rented or sold, not occupied","2010: Housing units: Vacant--Rented or sold, not occupied","1970: Housing units: Vacant--For seasonal, recreational, occasional, or migratory use","1980: Housing units: Vacant--For seasonal, recreational, occasional, or migratory use","1990: Housing units: Vacant--For seasonal, recreational, occasional, or migratory use","2000: Housing units: Vacant--For seasonal, recreational, occasional, or migratory use","2010: Housing units: Vacant--For seasonal, recreational, occasional, or migratory use",1970: Housing units: Vacant--Other vacant,1980: Housing units: Vacant--Other vacant,1990: Housing units: Vacant--Other vacant,2000: Housing units: Vacant--Other vacant,2010: Housing units: Vacant--Other vacant
G010,Alabama,1,10,3444165,3893888,4040587,4447100,4779736,4777326,0,301031,296412,283295,295992,304957,347305,314150,293587,315345,308229,371822,328096,299413,320252,319655,213362,223590,182493,191833,199618,128389,153816,137933,132747,143853,61297,76093,67624,66614,72318,57045,73269,62666,63146,68473,156202,211825,175112,177105,194531,216947,315460,319562,301196,311034,191048,283292,328918,301819,297888,382941,429714,583587,685512,619501,372973,388995,419421,600209,693854,168516,190062,183677,225450,311906,63333,72355,71033,78966,116144,85993,96744,109277,111116,159983,207904,278382,301218,316748,370501,93639,127614,173264,195749,211607,24418,34019,48507,67301,75684,3363565,3815578,3948185,4332380,4663920,80600,78310,92402,114720,115816,1034113,1341856,1506790,1737080,1883791,869709,1038881,1103835,1215968,1276440,5894,11486,18189,23587,139,1120220,1467374,1670379,1963711,2171853,1034113,1341856,1506790,1737080,1883791,86107,125518,163589,226631,288062,32275,36339,45871,64091,79265,8314,15038,19845,25858,35903,6010,13649,16058,15560,12988,18883,30283,35904,47574,64128,20625,30209,45911,73548,95778
G020,Alaska,2,20,300382,401851,550043,626932,710231,711139,0,32075,38949,54897,47591,53996,36709,35043,51736,53771,50887,34248,34282,43179,56661,50816,16827,22471,22532,32694,31679,9941,14683,14619,17400,20462,7244,8404,8315,8341,10628,8411,8728,8050,7927,10577,19921,27958,24863,23624,33214,26711,48645,53341,42987,55419,22588,42163,59624,46486,47706,38021,54022,103097,114049,92974,26939,34243,53929,94952,111026,8550,12617,16595,27423,49971,2449,3672,5689,7726,16471,2861,4424,7208,9601,19467,4704,8312,15548,22507,35350,1508,2616,5570,10558,14877,675,619,1251,2634,4711,278039,385591,529342,607583,683879,22343,16260,20701,19349,26352,79059,131463,188915,221600,258058,66034,95564,132837,152337,170750,10193,17610,22660,32537,318,90729,162825,232608,260978,306967,79059,131463,188915,221600,258058,11670,31362,43693,39378,48909,2923,10006,7717,7036,6729,577,2867,4967,2612,2876,559,1908,2744,2066,1673,4858,11996,17190,21654,28263,2753,4585,11075,6010,9368
G040,Arizona,4,40,1770900,2718215,3665228,5130632,6392017,6410979,0,158675,213883,292859,382386,455715,185514,211067,281733,389869,453680,193342,219573,258364,378211,448664,106444,146964,148163,216481,270955,64924,105053,112759,151241,190627,31561,54602,59304,76165,93756,30394,53076,55863,71929,89342,84600,156105,164754,214766,259486,116393,236051,318048,374106,439998,100450,207764,316851,368559,416695,195323,297988,528708,768804,822494,189873,251820,349516,627904,842546,79678,132507,146658,238675,375268,30329,50179,59996,84016,144092,41926,74221,92878,119681,206868,107740,202120,290044,363841,497892,44233,85364,151013,235473,280539,9501,19878,37717,68525,103400,1725965,2666186,3584545,5020782,6252633,44935,52029,80683,109850,139384,539157,957032,1368843,1901327,2380990,438573,705048,940106,1287367,1576520,7041,13461,20275,25571,153,584171,1110558,1659430,2189189,2844526,539157,957032,1368843,1901327,2380990,45014,153526,290587,287862,463536,16035,39775,88237,61781,120490,4092,18725,33164,27775,64407,3121,9991,21666,12679,15999,14723,66498,97030,142601,184865,7043,18537,50490,43026,77775
G050,Arkansas,5,50,1923295,2286435,2350725,2673400,2915918,2916372,0,158050,175592,164667,181585,197689,186652,180365,175051,187224,196877,196133,185491,176097,192935,197559,114175,129926,105316,118625,119350,68017,84396,74306,80140,84455,30770,40940,35573,39532,42770,30035,39250,33349,37020,40770,82234,113579,93828,105046,116110,115788,174313,179036,176674,192153,98984,161024,180009,176171,183739,197701,247415,326703,398127,366208,208012,217759,243337,349519,407266,101588,113577,105811,139393,183960,40206,45590,41795,48821,69489,57190,64741,65789,68569,97542,146615,192447,195961,198334,234602,72336,93676,118881,129193,133977,18809,26354,35216,46492,51402,1877595,2234921,2292393,2599492,2836987,45700,51514,58332,73908,78931,615424,816065,891179,1042696,1147084,502107,625390,651555,732261,775811,5614,10520,16904,22007,151,675611,898593,1000667,1173043,1316299,615424,816065,891179,1042696,1147084,60187,82528,109488,130347,169215,18667,23109,31530,33740,46443,6044,9421,15121,18238,18500,3977,8709,11411,8974,7134,10963,20965,18667,29389,38498,20536,20324,32759,40006,58640
G060,California,6,60,19953134,23667902,29760021,33871648,37253956,37325068,0,1642683,1708400,2397715,2486981,2531333,1918127,1650348,2223982,2725880,2505839,1963681,1796019,1977343,2570822,2590930,1111481,1234191,1151685,1466146,1666938,705898,896274,901463,984742,1157002,359833,468066,509737,490829,573642,349557,464384,495714,470556,555775,1031576,1423515,1505343,1419903,1636532,1457614,2232964,2854057,2543541,2744409,1219389,2010051,2832314,2685521,2573468,2358549,2814938,4639321,5485341,5182710,2329755,2359934,2902569,4331635,5252371,933244,1202140,1133907,1467252,2204296,332347,422068,443446,488645,786276,438423,570360,655873,658196,1045921,1105236,1470978,1857221,1887823,2275336,553050,725255,979224,1282178,1370210,142691,218017,299107,425657,600968,19374198,23099853,29008161,33051894,36434140,578936,568049,751860,819754,819816,6573861,8629866,10381206,11502870,12577498,4987806,5936810,7139394,7920049,8642473,8295,16409,22711,29551,88,6996990,9279036,11182882,12214549,13680081,6573861,8629866,10381206,11502870,12577498,423129,649170,801676,711679,1102583,177767,203619,291010,190321,374610,48465,115650,119705,92197,154775,27436,58467,69455,50846,54635,128738,181620,198436,239062,304915,40723,89814,123070,139253,213648
G080,Colorado,8,80,2207259,2889964,3294394,4301261,5029196,5042853,0,186368,216495,252893,297505,343960,224171,213135,253197,308428,348603,233679,226147,227289,311497,332654,129793,153036,127887,183365,200392,87658,115552,97075,123873,139083,44014,60376,51122,62281,69437,44673,59490,48916,60239,67385,115821,182740,138412,183718,211793,157420,302601,289598,331795,372459,133784,266944,322251,332232,353819,255624,346953,568087,736823,699644,234200,270860,336671,614125,742698,93164,125711,130193,194722,328364,33901,43690,49657,61959,115654,45098,58909,71703,82626,153626,111442,148666,194527,226310,309960,60207,74296,101963,141547,170052,16242,24363,32953,48216,69613,2124732,2815572,3214922,4198306,4913318,82527,74392,79472,102955,115878,690928,1061249,1282489,1658238,1972868,545417,739446,854214,1084461,1261527,7998,14821,24049,31039,139,757070,1194253,1477349,1808037,2212898,690928,1061249,1282489,1658238,1972868,66142,133004,194860,149799,240030,17870,36222,62190,31852,57644,5291,21255,26999,16142,32673,3593,10855,9233,8116,8476,22258,48116,64621,72712,102489,17130,16556,31817,20977,38748
G090,Connecticut,9,90,3031709,3107576,3287116,3405565,3574097,3572213,0,253262,185188,228356,223344,202106,295966,205758,209005,244144,222571,304211,256283,194372,241587,240265,167520,175690,117848,132613,152073,96533,112693,93732,84014,98761,46314,55230,51542,40402,48139,44931,55542,49900,38804,46335,138549,161610,150259,108365,133424,206011,249260,287691,201467,214145,168754,241873,296191,250173,206232,355947,369302,510996,581049,484438,381691,338901,356042,480807,575597,157029,178712,147022,176961,240157,54950,65989,59475,56131,84356,71133,90681,88778,75521,118939,174810,219717,256237,231565,254944,91676,109418,142677,174345,166717,22422,35729,46993,64273,84898,2945868,3018841,3185949,3297626,3455945,85841,88735,101167,107939,118152,933269,1093678,1230479,1301670,1371087,766742,814080,864493,881170,908661,8511,20189,28766,37807,222,981158,1158884,1320850,1385975,1487891,933269,1093678,1230479,1301670,1371087,47889,65206,90371,84305,116804,15485,19528,31211,25575,40004,4124,8755,15336,9305,15564,3648,6167,8620,6320,5689,19705,20696,20475,23517,29673,4927,10060,14729,19588,25874
G100,Delaware,10,100,548104,594338,666168,783600,897934,900131,0,48472,41151,48824,51531,55886,57682,42076,46949,55813,56486,59228,48870,43055,55274,56848,31719,34498,24513,31969,36545,19613,25250,21793,23663,28038,8855,12452,11793,11681,14041,8780,12274,11056,10917,13372,26150,33397,31591,29067,35454,38193,49622,59286,51219,57603,32247,45414,59829,57621,53814,65532,68268,98866,127601,116087,63422,63210,68114,103999,133554,24396,31847,29861,39320,57816,8635,11556,11980,13481,21688,11347,15274,17923,18718,31425,27182,36630,49596,56415,72453,13298,17280,23997,34762,41080,3353,5269,7142,10549,15744,531549,578239,646097,759017,873521,16555,16099,20071,24583,24413,164804,207081,247497,298736,342297,136101,154900,175867,204590,230731,7449,15854,23305,29733,297,180233,238611,289919,343072,405885,164804,207081,247497,298736,342297,15429,31530,42422,44336,63588,3725,6521,6242,7393,11399,1373,2501,4066,3273,5985,1149,2405,1870,1693,1687,6763,16243,19365,26030,35982,2419,3860,10879,5947,8535
G110,District Of Columbia,11,110,756510,638333,606900,572059,601723,605759,0,59735,34365,37351,32536,32613,64222,36618,31997,35385,26147,64424,42133,29318,30018,25041,35725,30375,18426,17053,17014,29884,27249,22851,20814,22905,16433,13938,12440,11024,12516,16430,13997,11572,10314,11777,46775,41628,35695,30485,39817,64900,66343,63129,52849,69649,47625,56209,58147,48913,55096,84974,74265,95196,87677,80659,83676,63341,62031,75310,75703,37994,34093,25441,27803,34274,13968,12537,10409,9536,12871,18942,16955,15050,12444,16832,44849,46230,44553,35919,36969,20399,21672,25447,25004,21525,5555,6385,7847,8975,10315,715392,606414,565183,536497,561702,41118,31919,41717,35562,40021,262538,253143,249634,248338,266707,162656,133643,122087,114166,112715,8960,18881,28659,45004,542,278444,276984,278489,274845,296719,262538,253143,249634,248338,266707,15906,23841,28855,26507,30012,10470,10209,13000,9202,13393,894,3708,3119,3021,3930,1219,3802,3788,2667,1933,1052,903,1663,2254,3545,2271,5219,7285,9363,7211
G120,Florida,12,120,6789443,9746324,12937926,15982378,18801310,18885152,0,501179,570224,849596,945823,1073506,605714,621534,814118,1031718,1080255,643014,685016,748355,1057024,1130847,359134,482862,454168,611775,717483,217642,328478,345111,402292,510899,105736,165674,177644,197368,258030,100813,161056,169269,184910,248602,289968,484697,523633,546032,722126,403096,739848,1052106,995358,1179227,358665,671563,1064138,1088742,1110318,746867,1038778,1811156,2485247,2431254,761987,989160,1291611,2069479,2741493,347337,555209,588552,821517,1202418,143497,223364,257504,299287,458751,215428,341288,421534,438209,676499,646681,1059153,1369652,1452176,1727940,285116,511078,789669,1024134,1097537,57569,117342,210110,331287,434125,6618475,9550078,12630465,15593433,18379601,170968,196246,307461,388945,421709,2284786,3744254,5134869,6337929,7420802,1805860,2690122,3511825,4210760,4835475,7270,14698,21557,26451,121,2526612,4378691,6100262,7302947,8989580,2284786,3744254,5134869,6337929,7420802,241826,634437,965393,965018,1568778,86326,128877,238480,195336,371626,28211,62845,122349,101667,198232,17077,59155,64907,53429,47349,84205,304607,421003,484825,658611,26007,78953,118654,129761,292960
G130,Georgia,13,130,4589575,5463105,6478216,8186453,9687653,9714569,0,421709,414935,495535,595150,686785,470311,446831,483952,615584,695161,480924,469598,466614,607759,689684,271344,314766,281202,350741,419922,171227,216007,215950,245536,290077,88770,106612,109209,125148,143471,84010,102653,103347,117767,137251,244169,306819,310078,349281,399358,330790,481276,589952,641750,673935,273995,448765,584944,657506,661625,517074,647332,1015698,1353508,1397540,485103,528004,668951,1079992,1391252,207126,246907,259735,375651,573551,76621,93355,96499,122259,209870,98944,122514,142280,163546,286136,235106,330874,388051,435695,606429,105226,146423,208975,261723,311783,27126,39434,57244,87857,113823,4452116,5320078,6304583,7952631,9434454,137459,143027,173633,233822,253199,1369225,1871652,2366615,3006369,3585584,1144427,1426645,1713072,2111647,2457810,6402,13631,21154,25309,123,1470557,2028350,2638418,3281737,4088801,1369225,1871652,2366615,3006369,3585584,101332,156698,271803,275368,503217,42988,55897,115115,86905,174416,11450,20915,38816,38440,83852,7325,16598,20006,20353,19910,16443,31025,34254,51033,82365,23126,32263,63612,78637,142674
G150,Hawaii,15,150,768561,964691,1108229,1211537,1360301,1362730,0,70811,77848,83223,78163,87407,79836,73057,80907,84980,83361,79812,74870,73896,83106,81539,44170,49808,42100,49518,51511,27673,36638,30391,31484,34483,16703,21909,18158,16957,18488,18168,21796,18013,17015,18853,46684,61977,54623,49437,58488,59459,95287,100178,84000,97302,47633,84314,100518,87159,88031,95529,111416,178339,191177,176373,84252,94444,108775,170979,193765,30343,47383,45375,60561,93340,10484,16362,19275,19566,35376,12888,21432,29453,26834,46846,29489,49375,78653,85262,100523,11614,21214,35955,57775,64377,3013,5561,10397,17564,30238,730095,925092,1070597,1175755,1317421,38466,39599,37632,35782,42880,203088,294052,356267,403240,455338,170358,226035,263456,287068,313907,7740,15770,21525,29227,208,216085,334235,389810,460542,519508,203088,294052,356267,403240,455338,12997,40183,33543,57302,64170,5064,16289,9451,15699,16441,1211,2153,1631,3720,4277,1627,4518,3735,2683,2105,2137,6431,12888,25641,30196,2958,10792,5838,9559,11151
G160,Idaho,16,160,712567,943935,1006749,1293953,1567582,1567803,0,63840,93531,80193,97643,121772,72961,82734,90043,100756,121195,79497,79218,90186,104608,116955,46930,51182,47983,66023,69150,27135,36800,32455,44835,46209,11807,17685,14609,19868,22204,10867,17202,13491,19396,21776,30652,51347,37692,54730,64229,44360,82461,72067,85128,106734,38609,72941,80733,84305,102231,74933,104326,149168,192968,191609,77854,81449,98907,170248,208537,35159,41182,39407,60024,96997,13130,15820,15287,20324,35125,17057,22377,23263,27181,48191,40236,58292,69755,75970,109534,21866,26912,40112,51889,59892,5674,8476,11398,18057,25242,694455,924897,985259,1262457,1538631,18112,19038,21490,31496,28951,218960,324107,360723,469645,579408,179359,246550,263194,335588,403144,6248,11457,17841,22581,185,244695,375127,413327,527824,667796,218960,324107,360723,469645,579408,25735,51020,52604,58179,88388,5625,11617,8483,10656,16360,1888,5430,5199,7682,12814,1420,4317,3133,2725,3174,9636,22737,25342,28199,42292,7166,6919,10447,8917,13748
G170,Illinois,17,170,11113976,11426518,11430602,12419293,12830632,12823860,0,936950,842241,848141,876549,835577,1098592,849613,836619,929858,859405,1134688,919385,796468,905097,879448,625393,631798,465138,533947,554749,385669,435197,352863,360055,367343,175929,218741,179108,179332,179613,165279,213348,169099,167603,172795,502436,640919,511880,503908,526556,747420,985619,984090,891759,910273,636444,869244,1009095,919915,865684,1268932,1293695,1700144,1983870,1725890,1296554,1161441,1166727,1626742,1870879,568193,593160,485581,577747,807778,205224,214369,195755,195386,284180,272619,295863,293349,267500,381249,672286,761483,821940,772247,849535,340187,385720,467056,535747,524766,81181,114682,147549,192031,234912,10830183,11155055,11143646,12097512,12528859,283793,271463,286956,321781,301773,3502138,4045374,4202240,4591779,4836972,2783641,2931117,2924880,3105513,3182984,8066,15201,23104,29519,122,3703367,4319672,4506275,4885615,5296715,3502138,4045374,4202240,4591779,4836972,201229,274298,304035,293836,459743,99451,112793,131205,99019,158882,21049,47484,40495,46896,82739,16944,29033,36767,31689,24675,31623,31610,25263,30119,47604,32162,53378,70305,86113,145843
G180,Indiana,18,180,5193669,5490224,5544159,6080485,6483802,6485530,0,455676,418764,398656,423215,434075,529024,433053,410463,443273,444821,545903,454828,406513,443416,452171,309690,311673,240332,264492,277231,192550,217955,187247,188990,198284,88801,108520,92617,95673,98994,83833,106682,86806,89190,94313,242090,303459,238212,240868,258719,345862,462851,448076,409035,419530,293609,411557,467033,422090,407815,582399,613583,819161,960703,840830,578857,550112,570791,816865,946768,243982,278021,239692,294169,418515,88726,97925,96812,99818,150022,118858,135857,145552,135857,200606,298723,350459,402041,395393,452335,155165,180515,222404,265880,273501,39921,54410,71751,91558,115272,5057210,5344543,5382167,5902331,6296879,136459,145681,161992,178154,186923,1609494,1927050,2065355,2336306,2502154,1318020,1455556,1480351,1602501,1674126,7142,13149,20397,24558,123,1730099,2091795,2246046,2532319,2795541,1609494,1927050,2065355,2336306,2502154,120605,164745,180691,196013,293387,41176,50497,55713,64363,93029,15037,21942,22343,29816,46410,8889,17445,19046,17432,14721,36090,41727,37065,33982,45771,19413,33134,46524,50420,93456
G190,Iowa,19,190,2824376,2913808,2776755,2926324,3046355,3047646,0,233212,221628,193203,188413,202123,280101,211041,209338,202603,200646,293440,231700,204217,210547,200904,168184,161504,112122,132075,124320,105291,116129,87294,94345,92517,45197,57650,44005,47185,47227,41990,55065,41228,43184,44695,116504,159309,111186,113294,121428,167505,243200,206616,177259,197843,147263,205954,222003,185801,184740,296896,302697,395321,445199,364548,310852,281422,274428,392794,439726,140549,145854,122335,139052,204393,53945,54915,50049,48874,72152,73154,78156,77304,69486,96205,200561,214854,226961,211935,224656,118090,127790,143890,159160,153574,31642,44940,55255,65118,74658,2733699,2817473,2677235,2822155,2948243,90677,96335,99520,104169,98112,896311,1053033,1064325,1149276,1221576,713490,770283,740819,769684,790034,7136,12422,19674,26545,135,964060,1131299,1143669,1232511,1336417,896311,1053033,1064325,1149276,1221576,67749,78266,79344,83235,114841,20611,23319,21895,23272,31812,7459,12374,11076,14067,18405,5845,8199,8416,7444,7358,13086,15803,14696,16549,21107,20748,18571,23261,21903,36159
G200,Kansas,20,200,2246578,2363679,2477574,2688418,2853118,2851183,0,175049,180877,188390,188708,205492,212731,169015,195981,195574,202447,227198,175363,179473,204018,198884,131376,123780,97770,124693,120116,85836,93941,74406,85425,83705,41938,49149,39311,42487,42758,41270,46962,36994,39085,40931,105214,136677,103782,108595,120765,139029,202671,201424,172975,197783,118237,171947,211749,175878,179937,243772,249640,361326,420351,346673,247172,231429,235388,354147,406264,110211,119932,103821,121645,182512,42291,44208,41529,41252,63661,59053,61825,63659,57356,85074,154418,173411,184664,175916,190389,87884,99397,115666,128543,126409,23899,33455,42241,51770,59318,2160877,2283217,2394809,2606468,2774044,85701,80462,82765,81950,79074,727364,872239,944726,1037891,1112096,578815,635023,658600,701547,734103,7350,13300,20506,26845,156,789196,954906,1044112,1131200,1233215,727364,872239,944726,1037891,1112096,61832,82667,99386,93309,121119,23162,26361,37643,30940,40445,7881,14397,15248,14821,16286,5195,9701,8065,7845,7229,5862,10272,7531,9776,12892,19732,21936,30899,29927,44267
G210,Kentucky,21,210,3218706,3660777,3685296,4041769,4339367,4340167,0,271099,282731,250871,265901,282367,317243,289411,265457,279258,282888,333392,301745,275287,279481,284154,192308,208843,162479,170178,173962,126448,145596,122682,118826,122833,59574,72837,59496,60868,61268,55198,70178,56482,57540,58657,150510,203104,161329,164624,170043,204197,309338,301293,281134,285296,176793,276288,308826,286974,280920,350340,404520,549063,642665,576662,349053,354252,382366,556932,643097,155644,178333,162821,204483,288027,58773,64209,63785,71143,106469,80706,89564,96214,96969,144497,207107,248988,268226,273943,325314,103733,125804,152252,172589,183705,26588,35036,46367,58261,69208,3118607,3557750,3584120,3926965,4213497,100099,103027,101176,114804,125870,983665,1263355,1379782,1590647,1719965,820880,983353,1015998,1104398,1149905,5978,11153,18093,23210,125,1064451,1369125,1506845,1750927,1927164,983665,1263355,1379782,1590647,1719965,80786,105770,127063,160280,207199,30716,33154,37390,44268,56960,7465,12622,15931,20748,27286,6705,10999,12328,13421,11746,19845,22288,21159,31135,39243,16055,26707,40255,50708,71964
G220,Louisiana,22,220,3641306,4205900,4219973,4468976,4533372,4529605,0,348323,361533,334650,317392,314260,397447,345966,358365,336780,306362,410669,371795,342455,347912,306836,231318,251174,191799,217715,190557,144640,174983,140341,148230,136222,68133,88826,69669,71946,68251,60685,84875,65667,67101,67763,170491,246575,188834,186524,202295,233630,368732,345375,296161,332925,198964,312027,358547,305001,295508,393546,450219,605936,691966,564599,373121,393906,406440,586271,654375,161508,189278,171927,208761,292567,60231,69599,67728,71817,103687,81893,92133,103249,98470,139308,199721,254901,275008,282925,311994,84631,118843,150350,175328,180177,22355,30535,43633,58676,65686,3540597,4109664,4107395,4333011,4405945,100709,96236,112578,135965,127427,1052038,1411788,1499269,1656053,1728360,867710,1068835,1089882,1156438,1160118,6430,10635,16912,24264,131,1150235,1548419,1716241,1847181,1964981,1052038,1411788,1499269,1656053,1728360,98197,136631,216972,191128,236621,42122,42907,72742,54185,66857,9514,14524,27089,18097,21480,5638,16396,20834,18144,10567,13586,29750,30786,40103,43252,27337,33054,65521,60599,94465
G230,Maine,23,230,992048,1124660,1227928,1274923,1328361,1329084,0,84622,78514,85722,70726,69520,99402,84179,88506,83022,74116,101957,94277,84579,92252,79013,57866,64417,50195,55238,51884,35495,42995,37732,34247,36426,16768,20785,18500,15330,17408,15888,20187,17334,14805,16566,42374,57466,50206,39521,45672,58502,92242,98773,71951,72681,51208,86557,106462,85666,71943,109027,122725,193345,212980,171376,109720,112021,124751,192596,218575,49095,56566,54216,68490,102441,19216,20947,21622,22367,37823,26316,29864,32612,32330,51837,68687,82288,91600,96196,112651,36071,44531,53547,63890,69293,9834,14099,18226,23316,29136,957350,1087722,1190759,1240011,1292816,34698,36938,37169,34912,35545,302923,395184,465312,518200,557219,245565,293936,328685,340685,350621,5768,12957,19533,26464,206,397169,501093,587045,651901,721830,302923,395184,465312,518200,557219,94246,105909,121733,133701,164611,6998,8821,12622,11153,15738,3016,4873,5911,6249,9711,1821,3184,3564,3569,3110,66648,79876,88206,101540,118470,15763,9155,11430,11190,17582
G240,Maryland,24,240,3922399,4216975,4781468,5296486,5773552,5785496,0,344267,272274,357818,353393,364488,404492,292916,332373,391318,366868,409928,356578,297164,392135,379029,222805,245762,174886,219326,242579,133334,159249,135764,136793,163662,64719,80108,72647,66616,81013,64184,78717,71101,62571,77465,196552,233566,225861,184942,235220,286425,371136,449196,342870,393548,238005,354443,450902,405651,368494,471887,527067,777006,916156,795572,463893,446488,521801,755032,902204,178469,222682,202170,268647,377989,62126,78069,79094,86667,134879,81631,102311,116203,115062,182900,191994,247209,314491,321285,386357,86550,115735,156495,211120,223159,21138,32665,46496,66902,98126,3817582,4122547,4667612,5162430,5635177,104817,94428,113856,134056,138375,1175073,1460865,1748991,1980859,2156411,971877,1089559,1245814,1359318,1447002,8293,17730,25614,36056,159,1249177,1570907,1891917,2145283,2378814,1175073,1460865,1748991,1980859,2156411,74104,110042,142926,164424,222403,25540,32140,44397,41751,61874,6953,14067,19036,22375,32883,6746,11587,13701,12492,10328,22642,34269,42486,39047,55963,12223,17979,23306,48759,61355
G250,Massachusetts,25,250,5689170,5737037,6016425,6349097,6547629,6560595,0,470066,337215,412473,397268,367087,542364,374734,378035,430861,385687,555393,461332,348093,431247,405613,307941,317108,214474,240688,260536,206615,231131,195460,175049,202220,98801,115453,106668,86049,101248,94621,113319,103331,81961,96372,270983,324130,303640,236269,278048,371597,489175,556920,434024,441525,295250,446395,544441,492764,403616,627682,627300,918456,1062995,887149,668757,584835,600095,873353,1012435,290128,310995,253458,310002,432822,108569,115851,103605,99290,156594,144218,161533,157992,137115,213953,381011,422615,459881,427830,456460,203724,230008,267194,315640,301065,51450,73908,92209,116692,145199,5482385,5537385,5802118,6127881,6308747,206785,199652,214307,221216,238882,1759692,2032717,2247110,2443580,2547075,1387932,1438602,1514746,1576696,1603591,7458,17224,25952,35485,157,1890400,2208146,2472711,2621989,2808254,1759692,2032717,2247110,2443580,2547075,130708,175429,225601,178409,261179,37130,46125,67772,34174,66673,6879,11840,23288,10861,25038,6953,10786,12490,9218,10230,65813,81955,90501,93965,115791,13933,24723,31550,30191,43447
G260,Michigan,26,260,8875083,9262078,9295297,9938444,9883640,9897264,0,804463,685113,702554,672005,596286,923818,727120,692247,745181,637784,979265,801874,666370,747012,675216,543824,537879,397594,431569,434782,328800,363398,299209,288298,304817,147268,182845,150757,140244,149350,141907,180689,143173,134087,138484,413567,530896,411388,369508,381238,593598,806918,764262,654629,589583,488765,708369,810291,707542,574566,1002322,1028999,1406149,1598373,1277974,1007008,930931,948119,1367939,1510033,411253,471411,392787,485895,683186,144657,165238,160021,159433,243067,191613,228140,241915,217711,325744,466622,556510,655838,642880,724709,231850,274095,345716,433678,444940,54483,81653,106907,142460,191881,8674655,9064141,9083605,9688555,9654572,200428,197937,211692,249889,229068,2653059,3195213,3419331,3785661,3872508,2181816,2392504,2439171,2575699,2554073,7688,14154,22168,25547,101,2954570,3589912,3847926,4234279,4532233,2653059,3195213,3419331,3785661,3872508,301511,394699,428595,448618,659725,57675,69008,76606,72805,141687,22033,32191,31589,44250,77080,14152,24595,26763,27161,24662,177879,215958,226621,235371,264844,29772,52947,67016,69031,151452
G270,Minnesota,27,270,3804971,4075970,4375099,4919479,5303925,5313081,0,331771,307249,336800,329594,355504,402635,296295,345840,355894,355536,415021,333378,313297,374995,352342,232060,234886,170846,226411,220681,141345,164932,126763,147951,147148,62354,82283,66046,70334,72732,58893,78800,62546,65906,70594,170790,232483,187454,186243,212325,249516,363435,381759,319826,372686,206769,313104,397984,353312,342900,395573,449216,666084,824182,681094,396860,380250,428460,665696,807898,177011,189457,173066,226857,349589,66161,69869,68308,75503,120761,89293,100769,102912,102509,159014,240406,270148,294522,295825,354427,134773,156627,183577,212840,222030,33740,52789,68835,85601,106664,3692374,3957515,4257478,4783596,5168530,112597,118455,117621,135883,135395,1153946,1445222,1647853,1895127,2087227,916554,1037522,1130683,1255141,1349015,7451,14389,23198,30656,130,1276198,1612960,1848445,2065946,2347201,1153946,1445222,1647853,1895127,2087227,122252,167738,200592,170819,259974,20352,24992,39916,20452,48091,6908,15979,17983,13392,30726,6012,10356,9811,8022,9430,64458,97753,105659,106163,130805,24522,18658,27223,22790,40922
G280,Mississippi,28,280,2216912,2520638,2573216,2844658,2967297,2967620,0,209606,215279,195365,204364,210956,237772,219048,211918,216920,205672,252427,226276,213305,218742,208248,143962,153594,126173,135161,130679,89009,105284,96706,98027,93940,41171,51191,45141,47999,45798,36149,47670,41320,44153,43475,96012,134644,110179,120795,121621,128157,197129,197740,192526,199082,114489,172410,202280,189272,188171,223597,260505,349564,425372,374947,219439,231819,247745,361981,416976,104786,112768,107784,132202,186569,41276,44516,42033,47422,67854,56740,59148,64679,66199,92902,141404,179949,180149,185710,214469,63599,85899,108800,114922,121579,17317,23509,32335,42891,44359,2159220,2455073,2503499,2749244,2875333,57692,65565,69717,95414,91964,636724,827169,911374,1046434,1115768,530304,642704,674378,747159,770266,5183,9648,15853,20670,155,699150,911627,1010423,1161953,1274719,636724,827169,911374,1046434,1115768,62426,84458,99049,115519,158951,20204,21464,27239,29486,44735,5448,7975,12662,12456,16886,3602,8538,9734,10035,6835,10940,20036,16348,22144,29185,22232,26445,33066,41398,61310
G290,Missouri,29,290,4676501,4916686,5117073,5595211,5988927,5982413,0,371072,354144,369244,369898,390237,448601,355426,378850,398898,390463,470754,382168,360481,412080,396925,262445,270745,206251,246816,247811,167208,190591,156566,166480,175975,76262,93478,77802,81184,86528,70922,89370,71767,76006,83511,207513,262594,211056,212308,243250,298326,398398,420001,362305,403239,251998,354339,432041,376428,372228,509814,540566,734771,887569,748616,518134,496552,523177,742462,888572,239820,254957,228556,279073,389985,92993,93460,90491,95840,140830,129983,131772,138338,132485,192463,337192,381060,394202,393226,450490,177594,205994,242262,263582,274025,45870,61072,81217,98571,113779,4538217,4788461,4971676,5433153,5814785,138284,128225,145397,162058,174142,1520567,1793399,1961206,2194594,2375611,1199995,1311652,1368334,1476516,1552133,6917,12989,19936,25546,110,1673361,1988915,2199129,2442017,2712729,1520567,1793399,1961206,2194594,2375611,152794,195516,237923,247423,337118,54316,53636,73245,64167,92946,14766,25182,30803,33775,44200,10135,20673,20238,18843,15388,20296,53371,55847,66315,80567,53281,42654,57790,64323,104017
G300,Montana,30,300,694409,786690,799065,902195,989415,990785,0,57054,64455,59257,54869,62423,72258,60238,65377,61963,60765,78618,62539,62899,69298,61124,45195,44663,34571,43932,39251,25151,29959,22242,27378,27473,11297,15151,10461,12889,13789,10934,14768,9802,12143,13517,29291,44099,27506,33347,39832,42202,71516,56111,51104,64123,37677,61409,66959,52175,58741,74998,88419,126756,141941,112945,77837,73677,82306,135088,149832,34726,36557,34005,47174,75915,12348,14325,13894,15906,27095,16087,20356,20422,22039,35848,38826,51528,60884,62519,80742,23694,24194,34937,43093,45979,6216,8837,10676,15337,20021,674189,766624,775318,877433,960566,20220,20066,23747,24762,28849,217304,283742,306163,358667,409607,170093,205290,211666,237407,257087,6589,11213,17151,25002,230,246603,328465,361155,412633,482825,217304,283742,306163,358667,409607,29299,44723,54992,53966,73218,8102,10997,10601,9163,10082,1846,3739,6228,5581,5964,1128,2776,3175,2540,2126,9705,19046,21069,24461,38793,8518,8165,13919,12221,16253
G310,Nebraska,31,310,1483493,1569825,1578385,1711263,1826341,1827306,0,120222,122946,119606,117048,131908,147228,118045,126401,123445,128928,152969,120907,117383,128934,122706,87072,85272,65622,80815,75679,56103,61977,47238,54094,53251,25754,31100,23257,26068,26880,23928,29747,21988,24849,25679,65005,87887,63404,69414,76717,89053,134794,125218,112049,129076,77931,114407,131990,111224,116100,159081,163774,228812,263834,220838,156963,150653,149389,225754,258726,71788,75104,67281,77584,117686,28289,27979,26976,26258,41651,38581,39549,40752,37698,53839,105221,114021,117643,115699,123126,61964,67919,76223,82543,84243,16341,23744,29202,33953,39308,1431184,1521345,1530832,1660445,1775176,52309,48480,47553,50818,51165,473721,571400,602363,666184,721130,372430,411708,415427,443411,467206,6936,12452,19613,26523,156,515069,624829,660621,722668,796793,473721,571400,602363,666184,721130,41348,53429,58258,56484,75663,13343,15508,16804,17936,24404,4329,7858,6836,8284,9167,3771,6063,4863,4582,4083,5957,10623,11329,12039,13941,13948,13377,18426,13643,24068
G320,Nevada,32,320,488738,800493,1201833,1998257,2700551,2704204,0,43844,56132,92217,145817,187478,50652,55689,85562,149322,183077,49560,61744,76008,139193,183173,26093,42234,43161,77467,111280,14092,27928,30999,49702,71320,7416,14761,16864,25378,35554,7824,14866,16948,25027,34258,23835,47815,54134,79601,107697,37482,75951,110583,148726,196644,34120,69197,111444,157885,190642,62483,105311,192265,321961,383043,58822,85410,136000,269050,376527,23671,42116,54681,105057,164575,7983,14994,21466,35967,62389,9893,20589,31870,49175,88535,21091,45998,85785,131775,197781,7990,16118,34383,70165,96391,1887,3640,7463,16989,30187,478539,788317,1177633,1964582,2664397,10199,12176,24200,33675,36154,160052,304327,466297,751165,1006250,123891,207424,307400,498333,656621,8453,15214,21989,27003,176,172558,339949,518858,827457,1173814,160052,304327,466297,751165,1006250,12506,35622,52561,76292,167564,4690,14028,21220,31635,61985,1768,6710,6116,12021,32949,818,2841,5215,4209,5254,2659,7494,11522,16807,32945,2571,4549,8488,11620,34431
G330,New Hampshire,33,330,737681,920610,1109252,1235786,1316470,1317474,0,65356,62512,84565,75685,69806,74921,67997,80641,88537,77756,73999,76763,71725,93255,84620,39935,50810,41824,52085,55052,27329,36966,34640,34603,38568,12829,17966,17759,15858,18591,12302,17178,17190,15053,18356,33391,48480,48013,37855,47599,48435,79468,98662,71355,73121,40835,77928,106161,88706,71351,81436,107028,182632,221179,179178,81316,90121,112215,183986,225961,35325,44749,44703,62664,96289,13529,16438,17518,19860,34487,18331,23239,25975,27135,47467,47583,61788,71471,78327,96762,24386,31529,40272,51412,56745,6443,9650,13286,18231,24761,707257,890982,1077101,1200247,1276366,30424,29628,32151,35539,40104,225378,323493,411186,474606,518973,182832,238667,292601,323651,344197,6966,15959,23844,32758,268,280962,386381,503904,547024,614754,225378,323493,411186,474606,518973,55584,62888,92718,72418,95781,5022,6774,17435,5218,13293,2100,3675,7648,3252,7521,1439,2270,3218,1898,2180,36991,45884,57177,56442,63937,10032,4285,7240,5608,8850
G340,New Jersey,34,340,7168164,7364823,7730188,8414350,8791894,8793888,0,589226,463289,532637,563785,541020,692648,508447,493044,604529,564750,710409,605841,480983,590577,587335,392562,413284,292798,328667,372109,219269,257381,212590,196549,225990,103383,124854,113489,96770,108760,99119,122729,109090,94284,106219,306696,367245,344015,289025,326259,463164,574135,668917,544917,553139,403475,563758,691734,644123,556662,879421,879823,1196659,1435106,1238297,917081,826558,843009,1158898,1379196,380677,430048,355677,423338,565623,136379,155560,145713,139928,201084,177666,212100,217808,190718,279458,439869,530707,610192,574669,611434,209210,256833,326286,402468,394948,47910,72231,95547,135999,179611,7021296,7228290,7558820,8219529,8605018,146868,136533,171368,194821,186876,2218182,2548594,2794711,3064645,3214360,1833423,1931578,2021346,2154539,2226606,8127,18714,27006,35928,157,2388011,2772149,3075310,3310275,3553562,2218182,2548594,2794711,3064645,3214360,169829,223555,280599,245630,339202,29914,49154,78771,49858,92118,9159,22964,46271,24546,39260,9937,18202,21519,15206,12723,106892,105825,100858,109321,135059,13927,27410,33180,46699,60042
G350,New Mexico,35,350,1016000,1302894,1515069,1819046,2059179,2055287,0,96659,114731,125878,130628,144981,119216,109615,131059,141171,143308,122820,114101,121632,147309,141691,67521,79460,68172,89466,88692,37643,52846,45766,56285,61169,17676,26024,22402,26641,29935,17305,25009,21176,24702,28237,47714,74395,62480,69948,84198,65157,115344,126083,115387,139678,59569,101303,130666,118704,127567,116064,144938,227717,282009,248523,101770,122043,147448,245819,292009,41728,58424,62038,87140,136799,14934,20192,24205,30051,51238,19613,28563,35285,41561,68899,44988,74732,97607,117745,153794,20607,32391,51223,71174,86468,5016,8783,14232,23306,31993,991664,1280108,1486262,1782739,2016550,24336,22786,28807,36307,42629,289389,441466,542709,677971,791395,241819,332058,391487,466515,518698,6119,11246,17261,23749,168,325722,507513,632058,780579,901388,289389,441466,542709,677971,791395,36333,66047,89349,102608,109993,11036,17477,22660,26697,22150,5258,6444,8744,10693,11050,2046,5043,6689,4738,3446,8518,24069,22464,32322,36841,9475,13014,28792,28158,36506
G360,New York,36,360,18236967,17558072,17990455,18976457,19378102,19398125,0,1486743,1135925,1255764,1239417,1155822,1679035,1184879,1178006,1351857,1163955,1711644,1406060,1140177,1332433,1211456,963853,960999,685602,766400,793696,599326,637572,544525,521144,572582,285914,314719,294541,260034,293083,273425,307969,279689,249264,281596,823037,897258,834669,735011,836256,1226209,1428376,1564617,1304725,1380177,1038364,1351839,1573571,1452599,1279160,2152492,2043219,2724685,3074298,2610017,2194389,1908113,1913920,2552936,2878691,979622,979370,811857,932008,1237408,370825,354865,335402,319811,453993,491337,486142,489708,436168,612267,1244433,1292428,1348279,1276046,1360602,582416,675356,767270,860818,866467,133903,192983,248173,311488,390874,17775236,17107975,17445190,18395996,18792424,461731,450097,545265,580461,585678,5913861,6340429,6639322,7056860,7317755,4584616,4443248,4489312,4639387,4649791,7498,16501,23389,32104,124,6298663,6867638,7226891,7679307,8108103,5913861,6340429,6639322,7056860,7317755,384802,527209,587569,622447,790348,93004,140915,163730,158569,200039,20507,36011,68180,59405,77225,22382,40466,44962,40439,33813,204586,215920,213436,235793,290193,44323,93897,97261,128241,189078
G370,North Carolina,37,370,5082059,5881766,6628637,8049313,9535483,9544249,0,437145,404076,458955,539509,632040,494799,447688,439621,562553,635945,520719,482228,436840,551367,631104,306379,323743,270733,310618,382546,213135,242579,227097,229313,277045,106116,125275,121249,122685,141076,99015,120396,115375,117974,136169,258941,333841,317332,336849,384328,346705,502579,572875,601522,627036,297201,461169,571000,611893,619557,589087,682634,1007611,1287120,1327151,562048,601335,698705,1085150,1368646,237113,295910,295739,400207,600722,87039,108276,116081,134692,222924,112497,146856,175083,188813,315115,268542,387587,483105,533777,697567,116929,170391,251267,329810,389051,28649,45203,69969,105461,147461,4893113,5687023,6404167,7795432,9278237,188946,194743,224470,253881,257246,1509564,2043291,2517026,3132013,3745155,1286452,1576622,1812053,2158869,2499174,6133,12885,20307,25285,106,1641222,2274737,2818193,3523944,4327528,1509564,2043291,2517026,3132013,3745155,131658,231446,301167,391931,582373,39600,54890,81952,92893,156587,11781,21637,32070,44007,71693,8048,21284,22061,26523,21181,36491,84233,100143,136760,193128,35738,49402,64941,91748,139784
G380,North Dakota,38,380,617761,652717,638800,642200,672591,676253,0,51338,54752,47845,39400,44595,64220,49016,52032,42982,40076,70334,51043,48820,47464,39790,40458,36180,26688,31003,25410,24311,27797,19980,22615,22064,11337,14705,10770,11633,12484,10643,14218,9963,10800,12007,26787,40470,27140,28070,34465,34603,58470,50154,38792,49596,30849,45687,53861,38095,40889,64198,63646,90020,98004,75262,63947,59128,57084,85431,96657,30923,29218,26268,28926,45946,11730,11086,10975,9888,15575,15715,16856,16145,14619,20298,39164,47147,47541,45901,46873,21536,25158,32274,33851,33916,5668,8140,11240,14726,16688,590508,625685,614566,618569,647535,27253,27032,24234,23631,25056,181613,227664,240878,257152,281192,147058,166702,166270,166150,170916,6417,11051,17769,28700,300,204222,258772,276340,289677,317498,181613,227664,240878,257152,281192,22609,31108,35462,32525,36306,5006,6982,8177,7642,7422,1718,4211,4616,4713,2734,1365,2588,2567,1631,1597,5966,9353,7746,8603,11802,8554,7974,12356,9936,12751
G390,Ohio,39,390,10652017,10797630,10847115,11353140,11536504,11533561,0,921030,787150,785149,754930,720856,1059474,821480,795135,816346,747889,1127185,886625,766822,827811,774699,630608,599065,452638,489252,487307,381613,408614,341281,327616,336375,175162,204093,170140,160084,163986,167832,202141,161619,150861,157045,490375,598685,463378,417983,442085,691686,907679,868564,735582,718630,600136,815697,926624,784312,691329,1222941,1199823,1615855,1805316,1479831,1245079,1126607,1113443,1566384,1742191,512314,581948,482526,553174,786857,183652,205715,196535,190279,284403,245236,282848,300445,265453,381006,604580,706554,828028,790252,850234,314990,354480,440903,540709,541352,78124,108426,138030,176796,230429,10406584,10569107,10585664,11054019,11230238,245433,228523,261451,299121,306266,3289432,3833828,4087546,4445773,4603435,2682953,2854191,2895223,2993023,2991629,7285,13461,21003,25857,99,3465356,4108105,4371945,4783051,5127508,3289432,3833828,4087546,4445773,4603435,175924,274277,284399,337278,524073,70534,101116,108117,125095,184143,20922,40786,37628,48404,78089,16222,30763,32961,33182,27389,38440,45195,37781,47594,58937,29806,56417,67912,83003,175515
G400,Oklahoma,40,400,2559229,3025290,3145585,3450654,3751351,3749005,0,197269,233307,226523,236353,264126,237875,229573,244122,244525,259336,253367,230675,231892,252029,253664,148231,161329,134470,159453,152540,93304,117658,98623,109920,111944,44891,59643,49492,54754,56068,43073,57117,45988,50548,54032,119486,167482,127286,141863,159142,162855,252745,248609,229026,265737,139613,222829,260710,222621,241018,283055,337220,452241,523522,460937,282306,298730,322975,453761,525611,131623,150228,141214,173199,235969,50521,55505,54286,59892,85815,72004,75123,82941,83238,118698,182761,224733,235135,242499,280467,92408,117412,143230,156276,164335,24587,33981,45848,57175,61912,2467592,2935020,3051908,3338279,3639334,91637,90270,93677,112375,112017,850803,1118561,1206135,1342293,1460450,676676,827078,855321,921750,975267,6858,11893,17646,24046,126,939681,1237040,1406499,1514400,1664378,850803,1118561,1206135,1342293,1460450,88878,118479,200364,172107,203928,35447,39516,66326,50165,59264,10600,18911,31254,23725,22671,5499,12711,14569,14228,11122,9517,20265,25547,32525,35505,27815,27076,62668,51464,75366
G410,Oregon,41,410,2091385,2633105,2842321,3421399,3831074,3836628,0,164060,198046,201421,223005,237556,194345,189329,209775,234474,237214,211284,202503,201365,242098,242553,127994,133179,111569,146949,149130,75368,92689,78386,97478,105730,34160,46124,40941,48047,52462,32777,45697,38492,45575,50575,95701,146039,109709,136784,150011,138978,253530,211981,233850,265033,115599,227623,239563,236845,259111,225782,303796,474851,526574,499525,243391,243605,296595,507155,539075,110739,129919,116011,173008,273423,40443,48449,46467,55894,100551,53965,69241,73871,75486,135592,135922,184554,224438,219342,290041,72163,90351,128071,161404,165620,18714,28431,38815,57431,77872,2034102,2575456,2776116,3343908,3744432,57283,57649,66205,77491,86642,691631,991593,1103313,1333723,1518938,541820,698930,750844,877671,963467,7557,13418,20940,26702,154,744616,1083285,1193567,1452709,1675562,691631,991593,1103313,1333723,1518938,52985,91692,90254,118986,156624,18577,27696,22638,37482,40193,5113,13416,9643,20349,24191,3370,8574,7951,7158,7009,15672,30237,31679,37183,55934,10253,11769,18343,16814,29297
G420,Pennsylvania,42,420,11793909,11863895,11881643,12281054,12702379,12699589,0,926187,747458,797058,727804,729538,1082755,805151,788301,827945,753635,1168554,931891,755161,863849,791151,670606,638796,454290,502623,517831,404824,441814,363768,348363,387235,182041,221397,187448,168194,191942,172886,218843,179959,159135,183257,497498,619575,495600,418757,498947,705823,945051,920217,732701,781527,609374,847847,992239,827785,729592,1367787,1274072,1744867,1948076,1615669,1515325,1296012,1213845,1705032,1940404,658686,712074,552378,619969,879048,239895,263430,236135,210894,312575,319542,369551,371271,300762,430721,790115,944065,1070021,969272,979538,390427,456908,587249,712326,674093,91584,129960,171836,237567,305676,11491699,11566338,11533219,11847753,12276266,302210,297557,348424,433301,426113,3705410,4219606,4495966,4777003,5018904,2999021,3134328,3155989,3208388,3261307,7077,14068,20880,28190,89,3924757,4596431,4938140,5249750,5567315,3705410,4219606,4495966,4777003,5018904,219347,376825,442174,472747,548411,61200,93020,102774,105585,135262,20984,42554,48763,55891,64818,18985,41825,43747,37494,29517,82707,125052,144571,148616,161993,35471,74374,102319,125161,156821
G720,Puerto Rico,72,720,,,,,3725789,3716727,0,,,,,224756,,,,,240004,,,,,268571,,,,,169964,,,,,114295,,,,,58205,,,,,53104,,,,,149541,,,,,244159,,,,,248173,,,,,483528,,,,,487807,,,,,223607,,,,,87395,,,,,130682,,,,,311662,,,,,167740,,,,,62596,,,,,3687834,,,,,37955,,,,,1376531,,,,,1006317,,,,10850,69,,,,,1636946,,,,,1376531,,,,,260415,,,,,43298,,,,,28182,,,,,12171,,,,,59636,,,,,117128
G440,Rhode Island,44,440,946725,947154,1003464,1048319,1052567,1052471,0,76035,56692,66969,63896,57448,85874,61465,63731,71905,60440,88289,74170,59406,71370,63824,49831,50524,35584,40651,42244,35849,39249,35278,34794,37802,19971,19617,19652,17258,19537,19540,19114,17538,16109,18508,48452,51500,47890,38446,44122,59319,76215,85852,64732,65799,47276,69820,87772,75594,61163,103702,98863,147617,170310,136860,115155,97804,96425,141863,162350,50268,55748,42077,49982,70634,18460,20736,18287,16298,25250,24772,28715,28839,22709,34705,63916,75562,85616,73684,73879,32298,39382,48915,57821,51252,7718,11978,16016,20897,26750,895568,913095,964869,1009503,1009904,51157,34059,38595,38816,42663,291965,338590,377977,408424,413600,235183,245128,258886,265398,259561,6897,14981,21688,30005,286,316477,372672,414572,439837,463388,291965,338590,377977,408424,413600,24512,34082,36595,31413,49788,7579,11341,13079,8615,15763,1190,2160,3388,2400,5171,1248,2301,2604,1726,1946,11663,12057,12053,13002,17089,2832,6223,5471,5670,9819
G450,South Carolina,45,450,2590516,3121820,3486703,4012012,4625364,4630351,0,235764,238516,256337,264679,302297,269242,253643,256076,285243,295853,282703,266179,253719,290479,297286,167454,183628,154075,169240,185038,113427,133606,123559,126137,143951,54627,67365,61955,62103,73846,49684,64313,58644,58504,69700,133891,182060,162368,161107,188948,174904,273137,296764,276855,304378,145341,243604,294584,283976,287678,286000,350505,523295,625124,601292,277119,299183,355610,550321,659428,114088,149937,148762,206762,303240,42075,55272,56803,69909,115411,53237,73544,87217,96240,165144,125224,189527,246305,270048,369043,52786,77797,119881,165016,192114,12950,20004,30749,50269,70717,2486106,3015909,3370160,3876975,4486210,104410,105911,116543,135037,139154,734373,1029981,1258044,1533854,1801181,624230,806037,928206,1072822,1216415,5886,11897,18795,23906,139,815123,1153709,1424155,1753670,2137683,734373,1029981,1258044,1533854,1801181,80750,123728,166111,219816,336502,25107,30124,49225,58176,92758,8640,11762,15186,21955,36523,4588,13133,13691,15930,12476,19063,43992,50203,70618,112901,23352,24717,37806,53137,81844
G460,South Dakota,46,460,665507,690768,696004,754844,814180,815871,0,54258,58446,54504,51069,59621,68635,52871,58795,54486,55531,74505,54400,55437,59463,53960,43522,39889,29726,37631,33685,26467,28752,20845,24832,23943,11749,14559,10169,12175,11907,10619,13548,9661,11097,11739,26278,38446,27438,29530,33950,35367,56868,53143,45084,55570,31705,45959,56270,45929,49859,68821,66432,95216,115386,93112,71436,64968,62669,97682,116918,32405,33567,29218,33611,54231,12381,12782,12176,11780,18999,16875,18262,18406,16958,24574,46837,50515,54471,53129,57627,26938,30077,34517,38916,39728,6709,10427,13343,16086,19226,637741,664682,670163,726426,780130,27766,26086,25841,28418,34050,200807,242523,259034,290245,322282,160364,177071,180306,194330,206964,5697,10661,17562,25570,276,225253,276997,292436,323208,363438,200807,242523,259034,290245,322282,24446,34474,33402,32963,41156,5416,8337,6912,8057,10366,1980,3605,3138,3718,3696,1953,3331,3311,2053,1956,5915,10706,8484,9874,13365,9182,8495,11557,9261,11773
G470,Tennessee,47,470,3923687,4591120,4877185,5689283,6346105,6353226,0,324733,326088,333415,374880,407813,376310,349928,337368,395813,412181,395738,369940,339098,395155,418941,228946,252604,206723,232673,257066,149008,177649,159843,162511,180120,70218,88513,79105,81801,89380,65315,84813,73731,78907,86356,185644,250087,214976,225637,250508,263668,387987,402977,403829,417683,227573,356636,409344,412072,406314,446580,533841,740988,902527,854130,439066,465366,526210,786916,926436,194376,230307,220952,293942,414991,73963,84139,85467,100479,155235,98624,115634,128170,138830,215489,242166,323027,357423,382852,487074,112897,153118,202601,238994,266471,28862,41443,58794,81465,99917,3824137,4479136,4748056,5541337,6192633,99550,111984,129129,147946,153472,1213187,1618505,1853725,2232905,2493552,1020300,1248433,1348019,1547835,1679177,6213,12255,19393,24294,130,1300908,1747422,2026067,2439443,2812133,1213187,1618505,1853725,2232905,2493552,87721,128917,172342,206538,318581,33469,43317,62856,64476,98370,10158,18904,26528,31876,47274,6774,14684,14967,14838,14498,12743,21676,23689,37154,61170,24577,30336,44302,58194,97269
G480,Texas,48,480,11196730,14229191,16986510,20851820,25145561,25208897,0,1000509,1169061,1390054,1624628,1928473,1145250,1169889,1396173,1654184,1928234,1182709,1179988,1294353,1631192,1881883,671368,787168,755259,976755,1127234,421384,565187,556432,659477,755890,206062,288527,280266,323645,369040,195869,278789,264658,305288,359015,556576,853042,789488,910471,1089024,762641,1302054,1532740,1591522,1853039,644455,1124483,1553431,1570561,1760434,1277585,1603231,2539025,3322238,3458382,1183498,1361666,1628634,2611137,3435336,510476,643396,661590,896521,1422924,190268,227338,255420,295009,500523,256021,304211,372411,406660,674244,627758,847265,998239,1142608,1472256,290626,411874,551732,691984,824451,73675,112022,166605,237940,305179,10888347,13887703,16593063,20290711,24564422,308383,341488,393447,561109,581139,3433996,4929267,6070937,7393354,8922933,2809850,3677865,4343878,5247794,6237148,7205,12904,19617,25809,87,3829502,5549352,7008999,8157575,9977436,3433996,4929267,6070937,7393354,8922933,395506,620085,938062,764221,1054503,151407,216160,354845,249240,394310,43838,80007,122490,85732,121430,21598,50286,64583,49625,46946,112481,154974,157649,176602,210942,66182,118658,238495,203022,280875
G490,Utah,49,490,1059273,1461037,1722850,2233169,2763885,2766233,0,111798,189962,169633,209378,263924,117179,146187,183674,193033,249572,123572,125681,183846,192288,227951,71301,78275,90291,123999,129580,45306,60628,62164,92279,91510,19768,28716,28081,43149,42204,20526,31158,27946,46342,45173,57565,95802,81795,135661,139142,72167,135087,137321,178474,229554,57794,105688,137577,148590,216133,107548,142806,224672,299536,332475,100983,112866,138481,237710,306964,41226,52701,54930,80053,133122,15111,19502,21224,26447,46154,19868,26758,31257,36008,60965,48175,67820,88187,101548,138224,23389,32548,48160,66923,80247,5997,8852,13611,21751,30991,1030705,1435614,1693802,2192689,2717733,28568,25423,29048,40480,46152,297934,448603,537273,701281,877692,249244,351508,410862,535294,660234,6305,11029,18185,23794,126,315765,490006,598388,768594,979709,297934,448603,537273,701281,877692,17831,41403,61115,67313,102017,5424,11048,16126,13780,20176,1523,8567,9102,10586,14580,1160,3870,3700,3333,4236,5237,12602,21203,29823,48210,4487,5316,10984,9791,14815
G500,Vermont,50,500,444330,511456,562758,608827,625741,625498,0,39658,35998,41261,33989,31952,45905,37855,41789,41101,34654,45652,42650,37990,45397,37637,25551,28815,22043,27036,24990,18846,22472,19656,18734,21022,8148,10665,10015,9222,10433,7761,10512,9716,8326,9651,20100,27460,23779,20304,23767,28924,44845,45261,34182,35441,23748,42325,49996,40385,34181,46682,57394,92432,101889,78359,46293,47774,57389,93832,102603,20599,23502,22787,32603,48739,8091,8600,9036,10212,17634,10884,12423,13445,14105,23600,28370,33773,37072,40683,49538,14903,18386,21568,26831,28743,4215,6007,7523,9996,12797,424023,490511,541116,588067,600412,20307,20945,21642,20760,25329,132098,178325,210650,240634,256442,106296,128460,144895,157763,160360,6178,13527,20625,28846,308,165068,223199,271214,294382,322539,132098,178325,210650,240634,256442,32970,44874,60564,53748,66097,2878,3657,5278,3084,5635,1325,1871,3047,2393,3598,947,1558,1675,1381,1212,18464,34279,45443,43106,50237,9356,3509,5121,3784,5415
G510,Virginia,51,510,4648494,5346818,6187358,7078515,8001024,8014955,0,392093,360686,443155,461982,509625,456958,387524,424361,495084,511849,474282,431051,398531,495955,511246,265947,295073,238691,285241,320957,174925,210601,199865,198824,230008,93591,109646,108240,101546,117445,91674,108248,104937,97926,114918,254553,313074,306689,281102,339728,335045,477912,574241,497172,564342,280402,449952,566447,539793,526077,549962,662885,991756,1200690,1108928,530388,545907,663332,999256,1214000,210620,267889,257207,358442,512595,74752,95514,99166,116718,186629,97281,125552,146270,156451,255740,233154,318296,400622,432456,549804,106122,145877,204139,272611,304730,26745,41131,59709,87266,122403,4452262,5169913,5978058,6847117,7761190,196232,176905,209300,231398,239834,1390636,1863073,2291830,2699173,3056058,1158597,1397516,1629490,1847796,2047188,7478,15713,23975,33326,151,1492954,2020941,2496334,2904192,3364939,1390636,1863073,2291830,2699173,3056058,102318,157868,204504,205019,308881,32058,44608,67899,47563,82493,10418,21679,33295,27407,44881,8133,17691,17750,16254,14978,27835,39589,42209,55348,81076,23874,34301,43351,58447,85453
G530,Washington,53,530,3409169,4132156,4866692,5894121,6724540,6738714,0,280442,306123,366780,394306,439657,328397,296011,371093,425909,429877,348892,321995,337662,434836,438233,202043,215231,185852,258792,273587,127860,153792,136859,169176,188541,63821,79452,73950,83126,94086,60634,79060,70956,78453,91883,171509,242030,206774,228606,275543,238704,389997,411822,403652,480398,193398,354645,443366,437478,453383,373848,487214,803763,975087,908305,392654,392021,501543,845972,988205,166878,203986,191602,285505,453078,59964,75410,75747,90326,162454,78064,103627,113635,120749,219633,191343,263347,336034,337166,457220,102999,126739,182953,240897,253186,27719,41476,56301,84085,117271,3291147,4023273,4746161,5757739,6585165,118022,108883,120531,136382,139375,1105587,1540510,1872431,2271398,2620076,861689,1079038,1264934,1499127,1687455,8073,14923,22973,30661,127,1220475,1689450,2032378,2451075,2885677,1105587,1540510,1872431,2271398,2620076,114888,148940,159947,179677,265601,44621,41870,43333,50887,72112,12065,21714,15451,27255,41417,6131,11148,13310,11256,12500,29257,56304,58342,61552,91235,22814,17904,29511,28727,48337
G540,West Virginia,54,540,1744237,1949644,1793477,1808344,1852994,1850481,0,138249,145583,106659,101805,104060,158638,152802,119874,111150,106016,176871,157489,134813,116182,109045,106479,103762,82231,73256,68297,65907,70442,59824,52322,51795,29060,35408,27439,26749,25873,27106,35170,25302,25050,24305,72487,102110,67426,68310,67026,98212,160954,122144,113577,108444,90105,144649,139559,115517,112254,194910,207419,271104,272249,237494,210766,198112,191318,270466,276156,96269,105219,85265,98916,139368,35777,38408,35697,35525,53956,48927,54249,55925,50375,71501,120923,147298,155743,148463,163520,58538,71161,87703,96653,97963,15013,19409,25451,31779,35921,1704803,1914701,1756566,1765197,1803612,39434,34943,36911,43147,49382,547214,686311,688557,736481,763831,451717,529734,500259,504055,502332,6141,10520,16477,22482,208,597266,747810,781295,844623,881917,547214,686311,688557,736481,763831,50052,61499,92738,108142,118086,13885,13984,20021,18286,19521,4596,6668,11512,12243,10381,3299,6519,7529,7954,5963,11980,18923,22526,32818,38401,16292,15405,31150,36841,43820
G550,Wisconsin,55,550,4417731,4705767,4891769,5363675,5686986,5687219,0,382227,346940,360730,342340,358443,461184,344804,376303,379484,368617,474178,392247,353587,403074,375927,266054,273829,198362,243858,236505,167099,192783,148927,163337,162704,73971,95169,76463,80549,80763,68508,92035,73120,74769,78216,194619,262822,213816,201974,227573,272746,401915,401345,333913,372347,233701,348115,420870,372255,349347,470246,501973,724617,875522,725666,475931,452945,478882,732306,873753,215918,229046,204647,252742,385986,79518,83896,83496,85316,135437,108966,123051,125383,119683,178388,284070,330415,358419,355307,400496,151207,178145,218509,251621,258313,37588,55637,74293,95625,118505,4283702,4576886,4758171,5207717,5536772,134029,128881,133598,155958,150214,1328804,1652261,1822118,2084544,2279768,1072348,1208094,1275172,1386815,1468917,7243,13276,21271,27426,104,1472466,1863897,2055774,2321144,2624358,1328804,1652261,1822118,2084544,2279768,143662,211636,233656,236600,344590,20119,27610,29795,38714,63268,8168,15309,14692,17172,34219,6080,9842,10543,9386,9436,71380,140401,150761,142518,193295,37915,18474,27865,28810,44372
G560,Wyoming,56,560,332416,469557,453588,493782,563626,562803,0,28372,44845,34780,30940,40203,33857,39297,40617,34127,37213,36565,37124,38917,38376,35955,21230,24287,21211,25430,22031,11999,18292,13596,16473,16111,5316,9804,6429,7633,8377,5006,9746,5678,6964,7974,14485,31118,15683,18858,23967,21498,49335,33268,30084,41276,18630,39400,41028,29770,36373,38294,52995,74199,78765,66966,37237,41605,45497,74079,83577,16197,18930,17893,24935,40946,5817,6578,7254,8303,14123,7709,9026,10343,11352,18444,18299,22867,27759,31343,39568,9703,10835,14886,19615,21920,2202,3473,4550,6735,8602,323409,460578,443348,479699,549914,9007,8979,10240,14083,13712,104600,165624,168839,193608,226879,84177,121685,119825,130497,146644,7927,12311,19134,28858,366,116323,188217,203411,223854,261868,104600,165624,168839,193608,226879,11723,22593,34572,30246,34989,3279,5447,9142,6214,7304,1043,2594,4636,2977,3376,576,2183,2088,1445,1239,3450,8567,9977,12635,15214,3375,3802,8729,6975,7856
